--
-- PostgreSQL database dump
--

-- Dumped from database version 13.3
-- Dumped by pg_dump version 13.3

-- Started on 2021-06-22 01:03:48

SET statement_timeout = 0;
SET lock_timeout = 0;
SET idle_in_transaction_session_timeout = 0;
SET client_encoding = 'UTF8';
SET standard_conforming_strings = on;
SELECT pg_catalog.set_config('search_path', '', false);
SET check_function_bodies = false;
SET xmloption = content;
SET client_min_messages = warning;
SET row_security = off;

--
-- TOC entry 4 (class 2615 OID 2200)
-- Name: public; Type: SCHEMA; Schema: -; Owner: postgres
--

CREATE SCHEMA public;


ALTER SCHEMA public OWNER TO postgres;

--
-- TOC entry 3023 (class 0 OID 0)
-- Dependencies: 4
-- Name: SCHEMA public; Type: COMMENT; Schema: -; Owner: postgres
--

COMMENT ON SCHEMA public IS 'standard public schema';


SET default_tablespace = '';

SET default_table_access_method = heap;

--
-- TOC entry 202 (class 1259 OID 16436)
-- Name: book; Type: TABLE; Schema: public; Owner: postgres
--

CREATE TABLE public.book (
    id bigint NOT NULL,
    name character varying(255),
    price integer,
    stock_count integer,
    version integer
);


ALTER TABLE public.book OWNER TO postgres;

--
-- TOC entry 204 (class 1259 OID 16443)
-- Name: customer; Type: TABLE; Schema: public; Owner: postgres
--

CREATE TABLE public.customer (
    id bigint NOT NULL,
    email character varying(255),
    firstname character varying(255),
    lastname character varying(255),
    phone character varying(255),
    username character varying(255)
);


ALTER TABLE public.customer OWNER TO postgres;

--
-- TOC entry 203 (class 1259 OID 16441)
-- Name: customer_id_seq; Type: SEQUENCE; Schema: public; Owner: postgres
--

ALTER TABLE public.customer ALTER COLUMN id ADD GENERATED BY DEFAULT AS IDENTITY (
    SEQUENCE NAME public.customer_id_seq
    START WITH 1
    INCREMENT BY 1
    NO MINVALUE
    NO MAXVALUE
    CACHE 1
);


--
-- TOC entry 206 (class 1259 OID 16461)
-- Name: customer_order; Type: TABLE; Schema: public; Owner: postgres
--

CREATE TABLE public.customer_order (
    id bigint NOT NULL,
    date timestamp without time zone,
    customer_id bigint NOT NULL
);


ALTER TABLE public.customer_order OWNER TO postgres;

--
-- TOC entry 201 (class 1259 OID 16419)
-- Name: hibernate_sequence; Type: SEQUENCE; Schema: public; Owner: postgres
--

CREATE SEQUENCE public.hibernate_sequence
    START WITH 1
    INCREMENT BY 1
    NO MINVALUE
    NO MAXVALUE
    CACHE 1;


ALTER TABLE public.hibernate_sequence OWNER TO postgres;

--
-- TOC entry 205 (class 1259 OID 16451)
-- Name: order_detail; Type: TABLE; Schema: public; Owner: postgres
--

CREATE TABLE public.order_detail (
    id bigint NOT NULL,
    count integer,
    book_id bigint NOT NULL,
    order_id bigint NOT NULL
);


ALTER TABLE public.order_detail OWNER TO postgres;

--
-- TOC entry 207 (class 1259 OID 16491)
-- Name: statistics; Type: VIEW; Schema: public; Owner: postgres
--

CREATE VIEW public.statistics AS
 SELECT to_char(co.date, 'Mon'::text) AS month,
    sum((b2.price * od.count)) AS total_purchased_amount,
    sum(od.count) AS total_book_count,
    count(DISTINCT od.id) AS total_order_count
   FROM ((public.order_detail od
     JOIN public.book b2 ON ((od.book_id = b2.id)))
     JOIN public.customer_order co ON ((od.order_id = co.id)))
  GROUP BY (to_char(co.date, 'Mon'::text));


ALTER TABLE public.statistics OWNER TO postgres;

--
-- TOC entry 3013 (class 0 OID 16436)
-- Dependencies: 202
-- Data for Name: book; Type: TABLE DATA; Schema: public; Owner: postgres
--

INSERT INTO public.book VALUES (1, 'Java', 120, 30, 3);
INSERT INTO public.book VALUES (3, 'Go', 15, 24, 2);
INSERT INTO public.book VALUES (2, 'C#', 5, 41, 3);


--
-- TOC entry 3015 (class 0 OID 16443)
-- Dependencies: 204
-- Data for Name: customer; Type: TABLE DATA; Schema: public; Owner: postgres
--

INSERT INTO public.customer VALUES (1, 'forsubhit@gmail.com', 'subhi', 'quroush', '5380603164', 'forsubhi');


--
-- TOC entry 3017 (class 0 OID 16461)
-- Dependencies: 206
-- Data for Name: customer_order; Type: TABLE DATA; Schema: public; Owner: postgres
--

INSERT INTO public.customer_order VALUES (11, '2021-06-20 21:23:50.06', 1);
INSERT INTO public.customer_order VALUES (21, '2021-06-20 23:21:56.246', 1);
INSERT INTO public.customer_order VALUES (25, '2021-05-21 02:08:24.662', 1);
INSERT INTO public.customer_order VALUES (27, '2021-05-21 02:08:24.662', 1);
INSERT INTO public.customer_order VALUES (30, '2021-06-21 02:08:24.662', 1);


--
-- TOC entry 3016 (class 0 OID 16451)
-- Dependencies: 205
-- Data for Name: order_detail; Type: TABLE DATA; Schema: public; Owner: postgres
--

INSERT INTO public.order_detail VALUES (12, 3, 1, 11);
INSERT INTO public.order_detail VALUES (22, 40, 1, 21);
INSERT INTO public.order_detail VALUES (26, 3, 2, 25);
INSERT INTO public.order_detail VALUES (28, 3, 3, 27);
INSERT INTO public.order_detail VALUES (29, 3, 2, 27);
INSERT INTO public.order_detail VALUES (31, 3, 3, 30);
INSERT INTO public.order_detail VALUES (32, 3, 2, 30);


--
-- TOC entry 3024 (class 0 OID 0)
-- Dependencies: 203
-- Name: customer_id_seq; Type: SEQUENCE SET; Schema: public; Owner: postgres
--

SELECT pg_catalog.setval('public.customer_id_seq', 2, true);


--
-- TOC entry 3025 (class 0 OID 0)
-- Dependencies: 201
-- Name: hibernate_sequence; Type: SEQUENCE SET; Schema: public; Owner: postgres
--

SELECT pg_catalog.setval('public.hibernate_sequence', 32, true);


--
-- TOC entry 2871 (class 2606 OID 16440)
-- Name: book book_pkey; Type: CONSTRAINT; Schema: public; Owner: postgres
--

ALTER TABLE ONLY public.book
    ADD CONSTRAINT book_pkey PRIMARY KEY (id);


--
-- TOC entry 2877 (class 2606 OID 16465)
-- Name: customer_order customer_order_pkey; Type: CONSTRAINT; Schema: public; Owner: postgres
--

ALTER TABLE ONLY public.customer_order
    ADD CONSTRAINT customer_order_pkey PRIMARY KEY (id);


--
-- TOC entry 2873 (class 2606 OID 16450)
-- Name: customer customer_pkey; Type: CONSTRAINT; Schema: public; Owner: postgres
--

ALTER TABLE ONLY public.customer
    ADD CONSTRAINT customer_pkey PRIMARY KEY (id);


--
-- TOC entry 2875 (class 2606 OID 16455)
-- Name: order_detail order_detail_pkey; Type: CONSTRAINT; Schema: public; Owner: postgres
--

ALTER TABLE ONLY public.order_detail
    ADD CONSTRAINT order_detail_pkey PRIMARY KEY (id);


--
-- TOC entry 2878 (class 2606 OID 16456)
-- Name: order_detail fk3aceepmpjwpo8pdn7gmjdfckq; Type: FK CONSTRAINT; Schema: public; Owner: postgres
--

ALTER TABLE ONLY public.order_detail
    ADD CONSTRAINT fk3aceepmpjwpo8pdn7gmjdfckq FOREIGN KEY (book_id) REFERENCES public.book(id);


--
-- TOC entry 2880 (class 2606 OID 16466)
-- Name: customer_order fkf9abd30bhiqvugayxlpq8ryq9; Type: FK CONSTRAINT; Schema: public; Owner: postgres
--

ALTER TABLE ONLY public.customer_order
    ADD CONSTRAINT fkf9abd30bhiqvugayxlpq8ryq9 FOREIGN KEY (customer_id) REFERENCES public.customer(id);


--
-- TOC entry 2879 (class 2606 OID 16471)
-- Name: order_detail fkk99e899ovga4l366djjrqmpy0; Type: FK CONSTRAINT; Schema: public; Owner: postgres
--

ALTER TABLE ONLY public.order_detail
    ADD CONSTRAINT fkk99e899ovga4l366djjrqmpy0 FOREIGN KEY (order_id) REFERENCES public.customer_order(id);


-- Completed on 2021-06-22 01:03:48

--
-- PostgreSQL database dump complete
--

